<?xml version="1.0" encoding="UTF-8"?>

<configuration>

  <appender name="STDOUT" class="ch.qos.logback.core.ConsoleAppender">
    <encoder>
<!--       <pattern>%d{HH:mm:ss.SSS} [%thread] %-5level %logger{36} - %msg%n</pattern> -->
      <pattern>NOTIFICATION: %d{HH:mm:ss.SSS} %level | %thread | %-55logger{55} | %msg %n</pattern>
    </encoder>
  </appender>

  <logger name="com.ge" level="${LOGBACK_DEBUGLEVEL}"/>
  <logger name="org.springframework" level="INFO"/>

  <!-- Strictly speaking, the level attribute is not necessary since -->
  <!-- the level of the root level is set to DEBUG by default.       -->
  <root level="${LOGBACK_DEBUGLEVEL}">          
    <appender-ref ref="STDOUT" />
  </root>  
  
</configuration>
